train/approx_kl,train/clip_range,time/fps,train/policy_gradient_loss,train/explained_variance,train/learning_rate,train/clip_fraction,time/iterations,time/time_elapsed,train/n_updates,train/entropy_loss,train/value_loss,time/total_timesteps,train/loss,rollout/ep_len_mean,rollout/ep_rew_mean
0.15138945,0.2,62,-0.02365859302226454,-0.002830028533935547,0.0009979519999999999,0.54921875,4,130,30,-6.001341953873634,154.6627020969987,8192,90.98475646972656,,
0.18287304,0.2,56,-0.04365764204412699,0.5797872245311737,0.0009952213333333333,0.463037109375,8,289,70,-2.226994789391756,0.895904924441129,16384,0.25060781836509705,14820.0,800.0
0.11537488,0.2,54,-0.0017791251397284214,0.5863779783248901,0.0009924906666666667,0.328125,12,447,110,-2.2413929741829635,58.30154842436313,24576,8.062673568725586,11114.0,1100.0
0.12685612,0.2,54,-0.0009415407053893432,0.2877713441848755,0.00098976,0.539697265625,16,605,150,-2.0200204983353616,7.684529139846563,32768,2.404564380645752,5678.2,560.0
0.17476758,0.2,53,-0.038993836502049815,0.7423169314861298,0.0009870293333333333,0.31884765625,20,763,190,-1.1689489563927054,0.8440751489484682,40960,0.08009018003940582,5894.666666666667,533.3333333333334
0.13829806,0.2,53,-0.055290274815342856,-0.17514419555664062,0.0009842986666666667,0.490380859375,24,924,230,-3.4034725315868855,0.22343711949652062,49152,-0.062175069004297256,6778.571428571428,600.0
0.10252801,0.2,52,-0.009315925822011194,0.732225775718689,0.000981568,0.28583984375,28,1082,270,-0.8320922386832535,1.8450559530407191,57344,0.7138915061950684,6153.0,488.8888888888889
0.049411245,0.2,52,-0.006276387443358544,-0.942898154258728,0.0009788373333333334,0.34658203125,32,1240,310,-1.12355738542974,0.5359359431313351,65536,0.06590281426906586,6153.0,488.8888888888889
3.040164,0.2,52,-0.06807296326151117,0.8906931504607201,0.0009761066666666667,0.553271484375,36,1398,350,-0.3082201657118276,3.895897852187045,73728,0.1822965294122696,6852.4,500.0
0.07560198,0.2,52,0.006887942621688126,0.5224703848361969,0.0009733760000000001,0.081884765625,40,1555,390,-0.21090695647289975,86.32105112373829,81920,27.2348690032959,7186.181818181818,600.0
0.18017335,0.2,52,-0.05799190570833161,0.3081907033920288,0.0009706453333333334,0.574853515625,44,1713,430,-0.635371801815927,175.91197884082794,90112,45.320011138916016,6257.428571428572,500.0
0.07529197,0.2,52,-0.009646914570475928,0.7930965423583984,0.0009679146666666667,0.3671875,48,1872,470,-1.8679595060646534,0.18339588261442258,98304,-0.021870389580726624,6257.428571428572,500.0
0.046387512,0.2,52,-0.01554896404777537,0.7097284495830536,0.0009651840000000001,0.295947265625,52,2030,510,-1.1614078087732196,0.4434711490175687,106496,0.045424897223711014,6729.733333333334,466.6666666666667
0.71659756,0.2,52,0.03423712307267124,0.5019193887710571,0.0009624533333333334,0.485986328125,56,2187,550,-1.0462474882602693,110.0440179079771,114688,24.90727424621582,6748.0,462.5
0.23614964,0.2,52,0.06344621500320499,0.3221728205680847,0.0009597226666666667,0.537646484375,60,2345,590,-1.146915653720498,270.53569034039975,122880,166.7813262939453,6066.6,490.0
0.06268568,0.2,52,0.0065989446113235315,0.7255023419857025,0.0009569919999999999,0.335400390625,64,2503,630,-1.1292327644303441,184.03159536123275,131072,96.91932678222656,5838.545454545455,472.72727272727275
0.045088768,0.2,52,0.0017675395130936522,0.6758906841278076,0.0009542613333333334,0.172607421875,68,2660,670,-0.4803609776310623,8.687969150394201,139264,4.018488883972168,5547.541666666667,441.6666666666667
0.06938803,0.2,52,-0.03801632011891343,0.8823084384202957,0.0009515306666666667,0.34384765625,72,2818,710,-1.0872519316151739,0.27979939377401025,147456,0.0380755290389061,5547.541666666667,441.6666666666667
0.08323836,0.2,52,0.02781212658592267,0.5600278377532959,0.0009488,0.2208984375,76,2976,750,-0.7875906561501325,100.93974133655429,155648,41.842288970947266,5960.961538461538,461.53846153846155
0.04654812,0.2,52,0.011603688891045748,0.5440946519374847,0.0009460693333333334,0.308935546875,80,3133,790,-0.6669621369801462,223.90552685260772,163840,64.72989654541016,5557.068965517241,427.58620689655174
0.04554446,0.2,52,0.01905510925134877,0.872954711318016,0.0009433386666666667,0.193310546875,84,3291,830,-0.6359721634536981,56.37794669046998,172032,35.43650436401367,5642.033333333334,426.6666666666667
0.4428814,0.2,52,0.02772024889709428,0.7066251635551453,0.000940608,0.4888671875,88,3449,870,-1.5290370691567658,3.786212499253452,180224,0.6517137885093689,5787.8387096774195,425.80645161290323
0.08484948,0.2,52,0.038126654810912444,0.7156199812889099,0.0009378773333333333,0.3275390625,92,3606,910,-1.0725872108712793,10.440120624238626,188416,2.05430006980896,5749.875,456.25
0.34317946,0.2,52,-0.020695928076747805,0.9332476556301117,0.0009351466666666667,0.113671875,96,3764,950,-0.19792619501240552,1.0626392256701365,196608,0.7205029726028442,5788.212121212121,448.4848484848485
0.100930184,0.2,52,-0.023094320138625335,0.6892633140087128,0.000932416,0.26455078125,100,3921,990,-0.7087660778313876,107.88034707605838,204800,36.52549743652344,5517.486486486487,481.0810810810811
0.0009897047,0.2,52,-0.00032932974863797426,0.9229000583291054,0.0009296853333333333,0.0009765625,104,4078,1030,-0.0029114193338273253,60.51514973193407,212992,9.249337196350098,4936.720930232558,479.06976744186045
0.18260668,0.2,52,0.03939909020409686,0.8770437985658646,0.0009269546666666668,0.052880859375,108,4236,1070,-0.04706691926403437,36.12488220259547,221184,5.4249491691589355,4917.590909090909,477.27272727272725
0.0062879967,0.2,52,0.0019542882102541624,0.551596999168396,0.0009242240000000001,0.028515625,112,4393,1110,-0.17687046983046456,105.31123222112656,229376,53.51463317871094,4408.115384615385,407.6923076923077
0.033181146,0.2,52,-0.013850085469312035,0.7715475559234619,0.0009214933333333333,0.07333984375,116,4550,1150,-0.11019009619485587,48.00375420413911,237568,14.26940631866455,4395.518518518518,400.0
0.43766394,0.2,52,-0.020473260585276876,0.8108906596899033,0.0009187626666666666,0.366552734375,120,4708,1190,-0.8309677049517632,1.763799903355539,245760,0.35649099946022034,4395.518518518518,400.0
0.121745065,0.2,52,0.0018782559673127253,0.5602396726608276,0.000916032,0.239697265625,124,4865,1230,-0.34899614891037345,40.17707830183208,253952,7.004234313964844,4554.545454545455,400.0
3.3769689,0.2,52,0.16809109839668962,-0.019559502601623535,0.0009133013333333333,0.791796875,128,5023,1270,-1.0065336326137184,4672.174161553383,262144,1321.763916015625,4619.178571428572,417.85714285714283
2.6383982,0.2,52,-0.03784871337993536,0.8574789762496948,0.0009105706666666666,0.361083984375,132,5181,1310,-0.05916879829314894,2.0780261592473837,270336,0.303719162940979,4654.6551724137935,721.2068965517242
0.043133177,0.2,52,-0.030558615476184058,0.8026123493909836,0.00090784,0.068359375,136,5339,1350,-0.09440299105917802,3.396030936576426,278528,1.0125166177749634,4654.6551724137935,721.2068965517242
0.07584374,0.2,52,-0.04270938217960065,-0.4963042736053467,0.0009051093333333333,0.293701171875,140,5497,1390,-1.0078950429335236,4.397226820513606,286720,0.6233100295066833,4741.220338983051,712.3728813559322
0.038905792,0.2,52,-0.031566172677412394,0.7306663990020752,0.0009023786666666667,0.328076171875,144,5655,1430,-1.3803712546825408,0.4085489736811724,294912,0.10670141875743866,4741.220338983051,712.3728813559322
0.03925258,0.2,52,-0.016445600434963126,0.6283947229385376,0.0008996480000000001,0.351513671875,148,5812,1470,-1.0018884470686316,39.17047772705555,303104,12.496062278747559,4734.0625,662.96875
0.07095994,0.2,52,-0.037793096553650686,0.7295092046260834,0.0008969173333333334,0.375927734375,152,5970,1510,-1.4708788339048624,0.00847365907393396,311296,-0.07107850909233093,4734.0625,662.96875
0.12137996,0.2,52,-0.009560332691762596,0.34658747911453247,0.0008941866666666667,0.247412109375,156,6127,1550,-0.8631818287074566,106.34947409629822,319488,56.404720306396484,4531.5,614.7142857142857
0.13076976,0.2,52,0.03193107775150565,0.7758424878120422,0.000891456,0.203271484375,160,6285,1590,-0.44191657840274273,17.894945295713843,327680,0.6673292517662048,4565.577464788732,611.6901408450705
0.013963466,0.2,52,0.015030095929978416,0.7445980906486511,0.0008887253333333334,0.039306640625,164,6442,1630,-0.2867243062704802,95.90717536062002,335872,24.674427032470703,4548.0,600.4109589041096
0.032666698,0.2,52,0.01321776304539526,0.6186746656894684,0.0008859946666666667,0.259326171875,168,6599,1670,-0.6653315020725131,122.62860586345195,344064,14.142877578735352,4482.921052631579,581.9736842105264
0.054054838,0.2,52,0.18557355399389053,0.8426996469497681,0.000883264,0.103857421875,172,6757,1710,-0.21168642670381815,0.04352108866296476,352256,-0.036835815757513046,4482.921052631579,581.9736842105264
0.02487835,0.2,52,0.010048977815313265,0.4484301805496216,0.0008805333333333334,0.129833984375,176,6915,1750,-0.375306398794055,25.39607284385711,360448,1.649008870124817,4595.766233766234,584.8051948051948
0.06438102,0.2,52,-0.017659512945101596,0.802160307765007,0.0008778026666666667,0.134326171875,180,7072,1790,-0.2910463974345475,0.38642046275781466,368640,-0.025750277563929558,4666.51282051282,585.0
0.040184814,0.2,52,0.0004143424615904223,0.8112071603536606,0.000875072,0.135595703125,184,7230,1830,-0.42855153530836104,54.72143993768841,376832,115.95394134521484,4735.050632911392,580.126582278481
0.043248944,0.2,52,0.029467336633388186,0.7841178327798843,0.0008723413333333333,0.211572265625,188,7388,1870,-1.0679807148873806,30.05971919996664,385024,1.6922545433044434,4763.7875,575.375
0.018283281,0.2,52,-0.012380801589461043,0.7151947617530823,0.0008696106666666667,0.06318359375,192,7545,1910,-0.2966140333970543,0.5405515552527504,393216,0.017019642516970634,4830.135802469136,575.679012345679
0.036168553,0.2,52,0.03850899718527216,0.6388090252876282,0.00086688,0.21708984375,196,7703,1950,-1.2145336449146271,43.401923600560984,401408,13.9995756149292,4894.731707317073,575.9756097560976
0.014508892,0.2,52,-0.021601880942762365,0.8648834675550461,0.0008641493333333333,0.081591796875,200,7860,1990,-0.20812639922369272,1.0318920268444345,409600,2.0719873905181885,4920.44578313253,571.4457831325301
0.041605003,0.2,52,0.003241899310523877,0.6940493583679199,0.0008614186666666667,0.112646484375,204,8018,2030,-0.45717600849457085,77.44470437318087,417792,24.052648544311523,4849.325581395349,556.1627906976744
0.038242303,0.2,52,0.01711705017660279,0.8126017302274704,0.000858688,0.19501953125,208,8175,2070,-0.409339567925781,33.587554858624934,425984,7.51169490814209,4704.644444444444,533.6666666666666
0.122296974,0.2,52,0.03023994180111913,0.45887327194213867,0.0008559573333333333,0.249267578125,212,8332,2110,-0.6698900716379285,43.098552197963,434176,9.11180591583252,4653.79347826087,524.2391304347826
0.241703,0.2,52,0.028318167943507434,0.7370364665985107,0.0008532266666666668,0.32822265625,216,8490,2150,-0.44808403216302395,19.454949520528316,442368,6.690640449523926,4712.602150537635,525.0537634408602
0.03327503,0.2,52,0.008793210674775764,0.5453720688819885,0.0008504960000000001,0.12470703125,220,8648,2190,-0.37331825867295265,20.83527568068821,450560,7.817855358123779,4712.602150537635,525.0537634408602
0.038784325,0.2,52,0.01705007623822894,0.581367164850235,0.0008477653333333334,0.179150390625,224,8805,2230,-0.8850573021918535,87.30368037670851,458752,5.132590293884277,4825.821052631579,524.5263157894736
0.07448399,0.2,52,-0.030042215442517773,0.7905793637037277,0.0008450346666666666,0.05048828125,228,8963,2270,-0.054656283653912396,0.014312479290674673,466944,-0.04406590387225151,4825.821052631579,524.5263157894736
0.087460905,0.2,52,0.04356717748742085,0.12150692939758301,0.000842304,0.128662109375,232,9121,2310,-0.24263406458776443,37.45828742533922,475136,0.4154042899608612,4879.947916666667,525.3125
0.07292698,0.2,52,-0.03617008360015461,0.7438067197799683,0.0008395733333333333,0.174169921875,236,9279,2350,-0.4388606293592602,0.06670044875354506,483328,0.0001362822949886322,4904.340206185567,540.5154639175257
0.08645998,0.2,52,0.032610727021528875,0.05994236469268799,0.0008368426666666666,0.119482421875,240,9436,2390,-0.35941089163534345,41.7971306636231,491520,1.1967709064483643,4958.84693877551,537.0408163265306
0.14274478,0.2,52,0.04649354347056942,0.11873257160186768,0.000834112,0.3201171875,244,9594,2430,-0.8714057782664895,59.21633921843022,499712,2.92181134223938,5041.515151515152,539.6969696969697
0.104596585,0.2,52,-0.017468500064569525,0.17245697975158691,0.0008313813333333333,0.310693359375,248,9752,2470,-2.582392942160368,0.08272890959051438,507904,-0.029365502297878265,5041.515151515152,539.6969696969697
0.046506796,0.2,52,-0.02462061875849031,0.7468294203281403,0.0008286506666666666,0.282373046875,252,9910,2510,-2.697272752970457,0.012063851209677522,516096,-0.07764853537082672,5156.17,536.3
0.06549862,0.2,52,-0.02214811255907989,0.07132744789123535,0.00082592,0.43896484375,256,10068,2550,-1.5588448088616134,6.413942174240947,524288,1.8568663597106934,5044.85,528.3
0.09010558,0.2,52,-0.049364992199116386,0.7985009253025055,0.0008231893333333334,0.31357421875,260,10226,2590,-2.158841348066926,0.1255497897043824,532480,-0.06141749024391174,5048.57,530.4
0.6090441,0.2,52,0.06744585595733951,0.0030332207679748535,0.0008204586666666667,0.581787109375,264,10383,2630,-1.2391930103302002,424.97046847343444,540672,47.480613708496094,4544.83,506.4
0.2724369,0.2,52,0.036501171211421025,0.8064100593328476,0.000817728,0.267236328125,268,10540,2670,-0.6344167470000684,1095.6764511585236,548864,797.400390625,4578.73,518.4
0.0,0.2,52,1.2485543265938759e-08,-0.7122229337692261,0.0008149973333333334,0.0,272,10698,2710,-3.645935133592126e-08,22.336962128058076,557056,2.7691543102264404,4682.13,528.4
0.0023726027,0.2,52,0.0001442291759303771,0.9317347183823586,0.0008122666666666667,0.00048828125,276,10856,2750,-0.0025707329651140755,7.493317358009517,565248,2.415926933288574,4682.13,528.4
0.06329909,0.2,52,-0.04985074498981703,0.8704835176467896,0.000809536,0.425146484375,280,11014,2790,-0.3779053489502985,3.281752058956772,573440,1.1091817617416382,4682.13,528.4
0.025671571,0.2,52,-0.030668481253815116,0.7149600982666016,0.0008068053333333334,0.222021484375,284,11172,2830,-2.0590595792979003,0.1946242393256398,581632,-0.030179942026734352,4682.13,528.4
1.1760858e-07,0.2,52,-2.2067818645155057e-05,-7.4560651779174805,0.0008040746666666667,0.0,288,11330,2870,-0.002617704735166626,3.3104772625956684,589824,0.1343519538640976,4826.13,530.4
0.025825365,0.2,52,-0.01882454339574906,-0.8857008218765259,0.0008013440000000001,0.103564453125,292,11487,2910,-0.2288670137975714,0.5948094958410366,598016,0.26217320561408997,4802.62,528.4
0.14378285,0.2,52,0.02505411943566287,-0.04451906681060791,0.0007986133333333334,0.31572265625,296,11644,2950,-0.43511002268642185,7084.751986503601,606208,380.1122131347656,4467.01,546.4
0.1762996,0.2,52,0.02833879293175414,0.15668034553527832,0.0007958826666666667,0.161669921875,300,11801,2990,-0.33064994697924704,1987.26514005661,614400,384.1740417480469,4420.9,562.4
0.1489742,0.2,52,0.031413386337226255,-0.4673570394515991,0.000793152,0.22021484375,304,11958,3030,-0.31841094554401933,3218.140803527832,622592,651.31396484375,4167.47,522.4
0.073893614,0.2,52,0.009713217106764205,0.6781550943851471,0.0007904213333333333,0.12509765625,308,12115,3070,-0.21206838611979037,5703.138030433654,630784,2896.086669921875,4070.36,664.4
0.06687951,0.2,52,0.016144688613712786,0.6816220879554749,0.0007876906666666667,0.130517578125,312,12272,3110,-0.21777331337798386,4204.960208702088,638976,1097.1558837890625,4012.69,760.4
0.0085993735,0.2,52,5.5765167780919e-05,0.7852635830640793,0.00078496,0.060791015625,316,12429,3150,-0.18275905733462422,796.1874451637268,647168,178.7523956298828,3498.66,638.1
0.055088878,0.2,52,0.01691774088249076,0.8878672569990158,0.0007822293333333333,0.164013671875,320,12585,3190,-0.35400058180093763,1600.5567045211792,655360,774.1970825195312,3376.26,796.1
0.02566525,0.2,52,0.0067297051718924195,0.7206582129001617,0.0007794986666666666,0.102783203125,324,12742,3230,-0.274804807966575,1470.1734687805176,663552,306.7666320800781,2821.07,916.1
0.2168068,0.2,52,0.001134334597736597,0.8308103084564209,0.0007767680000000001,0.30009765625,328,12898,3270,-0.3507232727017254,1015.313848400116,671744,297.8315734863281,2521.2,1026.1
0.18777822,0.2,52,0.000431339122224017,0.8221872448921204,0.0007740373333333334,0.39677734375,332,13055,3310,-0.4012393768876791,611.6696009159089,679936,63.486873626708984,1939.28,1068.1
0.022391988,0.2,52,0.005620888521298184,0.649596244096756,0.0007713066666666667,0.0416015625,336,13212,3350,-0.313431469257921,4099.709635543823,688128,1344.345947265625,1522.05,1148.0
0.009562748,0.2,52,0.00041793034761212767,0.6921160817146301,0.0007685760000000001,0.0927734375,340,13368,3390,-0.4310116961132735,61.24698303937912,696320,8.71543025970459,978.24,1136.0
0.02203652,0.2,52,0.001834923998103477,0.5395737588405609,0.0007658453333333333,0.11259765625,344,13524,3430,-0.5668772383593023,302.9807980597019,704512,250.03604125976562,950.06,1114.0
0.609846,0.2,52,0.0157899678699323,0.5910049378871918,0.0007631146666666666,0.40439453125,348,13681,3470,-0.6806966856122016,128.78727030111477,712704,3.974400758743286,904.67,1102.0
0.0480038,0.2,52,-0.0242844076565234,0.25948023796081543,0.000760384,0.26396484375,352,13839,3510,-1.0552553322166205,0.09628250635432778,720896,-0.04066314920783043,964.78,1098.0
0.03688361,0.2,52,0.020978319439745974,0.5419410765171051,0.0007576533333333333,0.314697265625,356,13997,3550,-1.0720976775512099,58.356482680886984,729088,3.729595899581909,1087.47,1102.0
0.03147842,0.2,52,0.004663375206291676,0.07883977890014648,0.0007549226666666666,0.0896484375,360,14154,3590,-0.38916892716661095,290.01608884334564,737280,84.2711181640625,1100.69,988.0
0.035122536,0.2,52,0.004481411860615481,0.5122440755367279,0.0007521919999999999,0.0693359375,364,14311,3630,-0.27465880624949934,266.7597623229027,745472,84.44152069091797,1098.52,954.0
0.006477527,0.2,52,-0.00036961078003514556,0.49580204486846924,0.0007494613333333334,0.043896484375,368,14468,3670,-0.3084197753109038,14.624963007867336,753664,5.888975143432617,1080.84,826.0
0.30485415,0.2,52,-0.016302580424962798,0.2742738723754883,0.0007467306666666667,0.31103515625,372,14624,3710,-0.497628269623965,87.16237746477127,761856,31.628305435180664,1081.98,712.0
0.17820337,0.2,52,0.05643223946681246,0.02941584587097168,0.000744,0.241162109375,376,14781,3750,-0.35342602781020105,208.92388486564158,770048,54.491939544677734,1098.27,584.0
0.022557883,0.2,52,0.019338896899716927,0.6670919954776764,0.0007412693333333334,0.07109375,380,14938,3790,-0.1337694722111337,46.54382603764534,778240,30.008991241455078,1131.81,506.0
0.12195526,0.2,52,0.0266661235702486,-0.3106726408004761,0.0007385386666666667,0.113916015625,384,15095,3830,-0.19914710219600237,33.244099237024784,786432,1.654988408088684,1168.03,440.0
0.0026445147,0.2,52,-0.0019779384223511443,0.7054671943187714,0.000735808,0.018994140625,388,15253,3870,-0.0805712848668918,12.823839632421732,794624,10.369498252868652,1209.29,408.0
0.038168516,0.2,52,0.0009151452497462742,0.3161967992782593,0.0007330773333333333,0.188330078125,392,15413,3910,-0.2354944610502571,4.135635641589761,802816,3.207096576690674,1230.46,398.0
0.019764699,0.2,52,0.02847109843569342,0.5963616073131561,0.0007303466666666667,0.219775390625,396,15571,3950,-0.26461000023409725,30.940666917688212,811008,0.06094808131456375,1354.1,386.0
0.09353927,0.2,52,-0.009298600647889543,0.6198845505714417,0.000727616,0.24248046875,400,15728,3990,-0.6717918052338063,0.06254211778286844,819200,-0.02582602947950363,1418.93,370.0
0.058844775,0.2,52,0.029111145594652044,0.39377856254577637,0.0007248853333333334,0.369580078125,404,15886,4030,-1.16005954798311,104.99499498680234,827392,16.037132263183594,1472.3,360.0
0.064194225,0.2,52,-0.059172522104927336,-0.7232943773269653,0.0007221546666666668,0.452685546875,408,16042,4070,-1.0862478977069259,0.6442809961736202,835584,0.09241076558828354,1503.6,356.0
2.1009133,0.2,52,0.20382811044109986,0.04099851846694946,0.0007194240000000001,0.582275390625,412,16200,4110,-0.6347524353303016,32906.38386507034,843776,6412.15625,1614.43,440.2
0.599995,0.2,52,0.11822389068984193,0.6501083374023438,0.0007166933333333334,0.351318359375,416,16358,4150,-0.6212249631993473,1597.3441135406495,851968,97.09642791748047,1660.84,452.3
0.0,0.2,52,-1.3860699255019426e-09,0.8276117295026779,0.0007139626666666668,0.0,420,16515,4190,-2.3733068063336303e-05,0.1996511774690589,860160,0.033530209213495255,1741.94,430.3
0.01790349,0.2,52,-0.048023121445294234,0.9190549179911613,0.000711232,0.266259765625,424,16672,4230,-0.21204262663959525,0.29644216227170544,868352,-0.058067791163921356,1782.96,406.3
0.108502895,0.2,52,0.02682278357606265,0.1927398443222046,0.0007085013333333333,0.110595703125,428,16830,4270,-0.2174211002071388,3093.2168449401856,876544,258.3248596191406,1819.58,406.3
0.0052950038,0.2,52,0.006907353377027903,-0.49148237705230713,0.0007057706666666666,0.002294921875,432,16988,4310,-0.0028431497972633223,74.67613150775432,884736,6.807308197021484,1863.34,444.3
2.0466218,0.2,52,0.12213467171532102,0.049405455589294434,0.00070304,0.261328125,436,17146,4350,-0.20335030455607922,217865.07038612367,892928,4965.03662109375,1989.18,676.3
0.0,0.2,52,3.049067163374275e-06,0.8527247905731201,0.0007003093333333334,0.0,440,17303,4390,-1.1855033612206967e-05,1.2805786738870666,901120,0.18383006751537323,2019.81,676.3
0.0,0.2,52,4.1432758735027164e-07,-0.1512521505355835,0.0006975786666666667,0.0,444,17461,4430,-0.0005543322963831087,0.8532969991123537,909312,0.03462690860033035,2019.81,676.3
0.20004074,0.2,52,0.011703399130783509,0.5388584733009338,0.0006948480000000001,0.16826171875,448,17618,4470,-0.37061435137875376,4885.826720619201,917504,841.169677734375,2197.4,818.3
0.0076076104,0.2,52,0.006177723533619428,0.9727614372968674,0.0006921173333333333,0.032080078125,452,17776,4510,-0.175765101891011,1029.9024294137955,925696,400.4609680175781,2244.81,1144.3
0.081669524,0.2,52,0.04580124031199375,0.6796822547912598,0.0006893866666666666,0.0349609375,456,17933,4550,-0.05200099824839981,4156.352518463134,933888,1665.8665771484375,2244.81,1144.3
0.049440637,0.2,52,0.008754285840768716,0.9153071194887161,0.0006866559999999999,0.033056640625,460,18091,4590,-0.09411698685144074,839.4340101540089,942080,132.13803100585938,2325.08,1196.3
0.0,0.2,52,-0.0009518239756289403,-0.2459242343902588,0.0006839253333333333,0.029150390625,464,18249,4630,-0.028384230505561048,2.37875926218112,950272,0.6843011975288391,2408.27,1264.3
0.0,0.2,52,9.989162208512425e-08,0.36324208974838257,0.0006811946666666666,0.0,468,18407,4670,-7.692824442783255e-09,0.7453128003020538,958464,0.22012357413768768,2531.31,1360.3
0.0,0.2,52,-5.5725104175508024e-08,-0.4653130769729614,0.0006784639999999999,0.0,472,18565,4710,-5.368865519272958e-06,0.40231189196274497,966656,0.23194929957389832,2534.5,1396.3
0.09890647,0.2,52,0.045810849286499436,0.5863781273365021,0.0006757333333333334,0.13125,476,18722,4750,-0.083325395261636,437.2670725345612,974848,55.40081024169922,2429.71,1548.3
0.013371487,0.2,52,0.00683878045892925,0.9030984789133072,0.0006730026666666667,0.008154296875,480,18880,4790,-0.013798909650631686,2584.0539467453955,983040,102.13285064697266,2429.71,1548.3
0.031224906,0.2,52,0.004737325682799565,0.8961388096213341,0.000670272,0.04169921875,484,19038,4830,-0.11607991040218621,2977.6334376335144,991232,274.7563171386719,2549.17,1636.6
0.012998465,0.2,52,0.002623991919972468,0.9582522995769978,0.0006675413333333334,0.071533203125,488,19195,4870,-0.174180493876338,302.75219144821165,999424,148.83584594726562,2547.79,1636.6
0.16408323,0.2,52,0.011084060048597166,0.4303051829338074,0.0006648106666666667,0.121484375,492,19352,4910,-0.19300036461791023,206.0934547305107,1007616,8.773924827575684,2656.03,1670.6
0.027080929,0.2,52,0.013863235717144562,0.35625702142715454,0.00066208,0.09609375,496,19510,4950,-0.10607369236677186,27.65276209563017,1015808,3.4499661922454834,2726.78,1688.6
0.03244026,0.2,52,0.004055010277079418,0.7094726264476776,0.0006593493333333333,0.009814453125,500,19667,4990,-0.02050315945625698,2.747686039749533,1024000,0.23445093631744385,2749.75,1672.6
0.051135056,0.2,52,-0.004817662134882994,0.8983517065644264,0.0006566186666666667,0.1328125,504,19824,5030,-0.48853904930874703,56.803029933571814,1032192,19.311494827270508,2803.75,1684.6
0.14033215,0.2,52,-0.014315320529567544,0.9227880463004112,0.000653888,0.124609375,508,19981,5070,-0.5352137079462409,12.279210693389178,1040384,2.1562321186065674,2864.1,1692.6
0.02645439,0.2,52,0.021767357212956993,0.024071574211120605,0.0006511573333333333,0.057958984375,512,20138,5110,-0.19952996477950363,102.24665631186217,1048576,1.6802341938018799,2861.53,1678.6
0.0011790002,0.2,52,0.00012695603509200738,0.8707582652568817,0.0006484266666666668,0.000439453125,516,20296,5150,-0.0074563773730915274,47.810205183178184,1056768,4.598845481872559,2985.9,1876.6
0.047251225,0.2,52,-0.02217276369847241,0.9127782136201859,0.0006456960000000001,0.182275390625,520,20453,5190,-0.47222593445330857,9.260588356107473,1064960,2.2538042068481445,3018.51,1880.6
0.492078,0.2,52,0.07064335815957748,0.20408231019973755,0.0006429653333333334,0.237255859375,524,20609,5230,-0.6532840651459992,3469.8984907358886,1073152,201.49684143066406,2985.36,1894.6
0.100364,0.2,52,-0.017918476166960316,0.8918363526463509,0.0006402346666666667,0.105419921875,528,20766,5270,-0.5337019772268832,17.16848357496783,1081344,13.688663482666016,2891.94,1932.6
0.22104636,0.2,52,-0.020778359663381707,0.8485609441995621,0.0006375040000000001,0.278125,532,20923,5310,-0.5330533011816442,5.115989209897816,1089536,0.6322813630104065,2789.53,1938.6
0.32173324,0.2,52,0.044008560512156694,0.2904099225997925,0.0006347733333333334,0.0677734375,536,21081,5350,-0.09001087608121452,797.4023593615741,1097728,23.87712860107422,2764.08,1948.6
0.16116148,0.2,52,-0.015595105846296064,0.8211000859737396,0.0006320426666666666,0.135302734375,540,21237,5390,-0.38558767321519555,20.25202447101474,1105920,0.9397282600402832,2625.65,1834.4
0.10248016,0.2,52,-0.018485230574879098,0.9195594862103462,0.000629312,0.121923828125,544,21394,5430,-0.21743316047359257,13.960712568648159,1114112,6.435532569885254,2531.44,1818.3
0.012159437,0.2,52,0.005914156248036306,0.8617952167987823,0.0006265813333333333,0.01181640625,548,21552,5470,-0.06878430993820076,41.15163762569428,1122304,18.822595596313477,2549.38,1832.3
0.010956073,0.2,52,0.009152898867250769,0.8805992752313614,0.0006238506666666667,0.047314453125,552,21710,5510,-0.10810642931028269,24.09355963692069,1130496,12.775181770324707,2638.81,1826.3
0.0057229213,0.2,52,-0.000988192097065621,0.38830721378326416,0.0006211200000000001,0.004345703125,556,21867,5550,-0.008062762795452727,2.253339933929965,1138688,1.2788482904434204,2638.81,1826.3
0.061791535,0.2,52,-0.0342987930518575,0.6547013223171234,0.0006183893333333334,0.3494140625,560,22025,5590,-0.4712556602433324,4.492412623763085,1146880,2.2056632041931152,2764.33,1814.3
0.046389468,0.2,52,0.023057418187090662,0.5609650015830994,0.0006156586666666667,0.217431640625,564,22183,5630,-0.5145013985224068,37.09677599538118,1155072,3.002293586730957,2777.19,1816.3
0.07102721,0.2,52,0.014885659705032594,0.8288264274597168,0.0006129279999999999,0.403466796875,568,22340,5670,-1.0553013728931546,12.194776864349842,1163264,2.714961528778076,2834.66,1810.3
0.059409805,0.2,52,-0.013724385538080242,-2.193397045135498,0.0006101973333333333,0.36982421875,572,22498,5710,-0.9111717192456126,4.129914339073002,1171456,1.7287285327911377,2915.49,1792.3
0.23905893,0.2,52,0.04801102868805174,0.4077489972114563,0.0006074666666666666,0.541845703125,576,22657,5750,-0.6746589879505336,373.8192550301552,1179648,74.88090515136719,2853.25,1574.3
0.051833976,0.2,52,0.01952983379524085,0.21603423357009888,0.0006047359999999999,0.24267578125,580,22816,5790,-0.5684360072016716,27.643156158016062,1187840,1.712451696395874,2853.25,1574.3
0.023101289,0.2,52,0.015170618039701367,0.40305638313293457,0.0006020053333333333,0.126171875,584,22975,5830,-0.42121161995455625,33.26271025047172,1196032,0.3993094861507416,2950.9,1588.3
0.09251416,0.2,52,-0.0018424401598167606,0.8423913270235062,0.0005992746666666666,0.317138671875,588,23132,5870,-0.7008771723136306,31.74862429201603,1204224,10.247818946838379,2840.56,1320.3
0.18335707,0.2,52,0.024388952346635052,0.12561947107315063,0.000596544,0.1921875,592,23290,5910,-0.29870991413481535,6344.049727535248,1212416,958.6989135742188,2531.56,946.3
0.3028987,0.2,52,0.0407724122676882,0.12792587280273438,0.0005938133333333333,0.1474609375,596,23448,5950,-0.1581770107964985,4987.65448307991,1220608,841.1080322265625,2568.35,934.3
0.06581521,0.2,52,0.02373841575681581,0.2992459535598755,0.0005910826666666667,0.111962890625,600,23606,5990,-0.1480987979681231,231.81574905514717,1228800,34.41930389404297,2385.06,732.0
0.17435467,0.2,52,-0.00918138455162989,0.4280855655670166,0.000588352,0.040576171875,604,23766,6030,-0.03750241216766881,93.53468991219998,1236992,54.58598709106445,2407.56,744.0
0.04793091,0.2,52,-0.014141035301508963,0.6841842830181122,0.0005856213333333333,0.064111328125,608,23924,6070,-0.06461325350683182,128.03184208273888,1245184,21.39542007446289,2396.92,718.0
0.037711345,0.2,52,-0.008757231970957947,0.7505743056535721,0.0005828906666666667,0.038671875,612,24081,6110,-0.0799399230047129,70.37228490710258,1253376,25.9428653717041,2335.77,706.0
0.26542982,0.2,52,0.01933162218774669,0.2620159387588501,0.00058016,0.21181640625,616,24238,6150,-0.2135101058287546,422.3073417663574,1261568,63.17387008666992,2229.61,768.0
0.19729294,0.2,52,-0.014697551244171336,0.9122890457510948,0.0005774293333333333,0.1853515625,620,24395,6190,-0.07995139263803139,14.43677055798471,1269760,1.9070113897323608,2285.82,802.0
0.3503835,0.2,52,0.0614004009985365,0.4568690061569214,0.0005746986666666668,0.221923828125,624,24552,6230,-0.17892470404040067,8028.4974353790285,1277952,3357.16162109375,2145.42,720.0
0.10953302,0.2,52,0.016742564011656212,0.3564162254333496,0.0005719680000000001,0.13427734375,628,24708,6270,-0.1545957682421431,617.2385947942734,1286144,127.09527587890625,2128.06,710.0
1.0904589,0.2,52,0.0636269096081378,0.12313061952590942,0.0005692373333333334,0.266943359375,632,24864,6310,-0.12628698563203217,6600.2466842651365,1294336,1599.1875,2108.65,740.0
0.6153288,0.2,52,0.054210125125246124,0.2500612735748291,0.0005665066666666667,0.24658203125,636,25020,6350,-0.14600389468250796,870.7589353561401,1302528,192.4270477294922,1952.49,756.0
0.0482437,0.2,52,0.014494613023998681,0.6870672106742859,0.0005637760000000001,0.08720703125,640,25177,6390,-0.1149402848794125,208.07963149547578,1310720,45.35524368286133,1600.88,732.0
0.14446555,0.2,52,0.00630748424155172,0.7171323299407959,0.0005610453333333334,0.114697265625,644,25333,6430,-0.16148257663007826,199.57583879828454,1318912,124.00406646728516,1152.35,686.0
0.6792145,0.2,52,0.05616559927439084,0.39548879861831665,0.0005583146666666667,0.243505859375,648,25489,6470,-0.16061982638202607,2457.9216901779173,1327104,168.99017333984375,1142.27,718.0
0.016412571,0.2,52,0.010776909577543847,0.763976663351059,0.0005555840000000001,0.048681640625,652,25646,6510,-0.09282939080731012,105.45546907186508,1335296,64.34320068359375,1072.25,660.0
0.10993245,0.2,52,0.02139643899281509,0.2638198733329773,0.0005528533333333333,0.1546875,656,25802,6550,-0.1532580138882622,2637.6974635303022,1343488,917.2853393554688,889.24,622.0
0.06607621,0.2,52,0.028118025299772854,0.0417138934135437,0.0005501226666666666,0.121484375,660,25959,6590,-0.12281387989642098,536.7266334652901,1351680,60.48096466064453,905.45,570.0
0.028662525,0.2,52,-0.005354812068981118,0.9896347532048821,0.000547392,0.02333984375,664,26117,6630,-0.035939878986391706,1.582633314258419,1359872,0.25215041637420654,959.19,558.0
0.097519316,0.2,52,0.017529544958961196,0.5231966972351074,0.0005446613333333334,0.1830078125,668,26274,6670,-0.29303860175423324,215.2478801369667,1368064,127.70503997802734,908.65,446.0
0.8543324,0.2,52,0.04486799778896966,0.1185232400894165,0.0005419306666666667,0.229931640625,672,26431,6710,-0.1550917744752951,3291.952373790741,1376256,311.9113464355469,917.78,442.0
1.2223609e-09,0.2,52,-0.0002847557065251749,-3.213491439819336,0.0005392,0.0068359375,676,26588,6750,-0.01434297174855601,0.6994662930228515,1384448,0.02058730646967888,917.78,442.0
0.073650405,0.2,52,-0.003068470036669169,0.781026154756546,0.0005364693333333334,0.135888671875,680,26745,6790,-0.1650046479771845,45.93839736878872,1392640,24.08352279663086,1056.69,488.0
0.052231222,0.2,52,0.010938298972178018,0.9102740585803986,0.0005337386666666666,0.078955078125,684,26902,6830,-0.14983094442868605,18.825768142938614,1400832,6.351230144500732,1074.85,500.0
0.28878456,0.2,52,0.040100684699427805,0.2864110469818115,0.0005310079999999999,0.14931640625,688,27059,6870,-0.2746834951452911,953.3771688818931,1409024,594.9034423828125,1104.11,502.0
0.060967304,0.2,52,0.01610841388137487,0.7799731492996216,0.0005282773333333332,0.05048828125,692,27216,6910,-0.1326413572416641,31.698088628798722,1417216,7.106297016143799,1131.96,472.0
0.38613194,0.2,52,0.07649517324462067,0.29928523302078247,0.0005255466666666666,0.142041015625,696,27373,6950,-0.23598963618278504,1411.1249644875527,1425408,37.00270462036133,1158.53,478.0
1.4669437,0.2,52,0.09863024303194834,0.28310173749923706,0.000522816,0.22685546875,700,27530,6990,-0.22136389850638807,3826.1162355184556,1433600,184.59579467773438,1183.26,494.0
0.54314065,0.2,52,0.03864835969434353,0.491477370262146,0.0005200853333333333,0.1931640625,704,27687,7030,-0.22880195258185268,484.95418367385867,1441792,205.7130584716797,1232.23,518.0
0.2575578,0.2,52,0.02311830469116103,0.4615883231163025,0.0005173546666666667,0.2041015625,708,27844,7070,-0.23584330040030183,518.0524484872818,1449984,138.13194274902344,1243.0,506.0
0.4691254,0.2,52,0.053698889505903936,0.5470292568206787,0.000514624,0.089501953125,712,28001,7110,-0.11029894719831645,192.33961700797082,1458176,21.507469177246094,1287.8,554.0
0.07306805,0.2,52,-0.007033770751877455,0.7960622161626816,0.0005118933333333333,0.0744140625,716,28158,7150,-0.1453086180379614,48.360460323095324,1466368,27.79521942138672,1326.69,568.0
0.030224899,0.2,52,0.0038257304986473173,0.4749263525009155,0.0005091626666666667,0.015869140625,720,28316,7190,-0.030909172038082033,37.09846171424724,1474560,2.676574468612671,1384.53,636.0
0.8295737,0.2,52,-0.014252766490972135,0.5724937617778778,0.000506432,0.223583984375,724,28473,7230,-0.23185298887547107,134.7248694062233,1482752,31.712011337280273,1405.3,632.0
0.03866274,0.2,52,0.004135288441466401,0.8695548474788666,0.0005037013333333333,0.046923828125,728,28630,7270,-0.11263913817238062,15.821563953533769,1490944,2.516810417175293,1396.69,624.0
0.054813765,0.2,52,-0.005476398335304111,0.9444317631423473,0.0005009706666666666,0.061767578125,732,28787,7310,-0.14140065740793945,3.0186402281746267,1499136,0.6231706142425537,1378.85,622.0
0.00034531773,0.2,52,0.0007160376124375034,0.9165820851922035,0.0004982400000000001,0.001953125,736,28945,7350,-0.01109376801880444,2.469067075755447,1507328,0.3120528757572174,1370.11,606.0
0.0042733704,0.2,52,0.00416464663867373,0.7713726162910461,0.0004955093333333334,0.00390625,740,29102,7390,-0.00941573404443261,40.72786607258022,1515520,2.078430414199829,1493.41,622.0
0.0008113686,0.2,52,-0.0002986710911500268,0.8078559041023254,0.0004927786666666667,0.005810546875,744,29260,7430,-0.019013914979586842,23.695321441441774,1523712,15.173343658447266,1554.12,628.0
0.3758161,0.2,52,0.029374286413076333,0.43167245388031006,0.0004900480000000001,0.190185546875,748,29417,7470,-0.13745432731229812,5807.27433719635,1531904,1165.2408447265625,1606.22,638.0
0.101856634,0.2,52,-0.019976846552162898,0.8475261926651001,0.0004873173333333334,0.347802734375,752,29575,7510,-0.2651008315224317,38.24407961517572,1540096,20.744112014770508,1690.3,690.0
0.22503394,0.2,52,0.03561478341507609,0.46391844749450684,0.0004845866666666667,0.105029296875,756,29732,7550,-0.05480833474721294,2177.5551643133163,1548288,341.10931396484375,1735.68,742.0
1.6049249,0.2,52,0.05715313476976007,0.34346574544906616,0.00048185599999999996,0.350830078125,760,29890,7590,-0.1609835817478597,7277.8798728942875,1556480,894.2000732421875,1668.45,774.0
0.41294762,0.2,52,0.05066462719987612,0.5580390095710754,0.0004791253333333333,0.1220703125,764,30049,7630,-0.051217919166083446,14660.179335021972,1564672,1643.3267822265625,1668.52,904.0
0.0027040262,0.2,52,0.00423819359857589,0.9204298257827759,0.00047639466666666663,0.004443359375,768,30208,7670,-0.004685778101243621,233.6170755326748,1572864,61.565765380859375,1730.1,936.0
0.04890248,0.2,52,-0.001979617321921978,0.8668464869260788,0.000473664,0.031396484375,772,30365,7710,-0.06860835966363084,56.79848484862596,1581056,16.782386779785156,1798.43,908.0
0.15394333,0.2,52,-0.014223936554481042,0.6968004405498505,0.0004709333333333333,0.028515625,776,30523,7750,-0.0066819581083564115,125.10992744415998,1589248,18.121809005737305,1838.67,906.0
0.28013945,0.2,52,0.010802613920532167,0.3758830428123474,0.00046820266666666667,0.120263671875,780,30680,7790,-0.08812585552223026,613.7302617549897,1597440,266.3592834472656,1855.11,944.0
0.27928263,0.2,52,0.02842413906182628,0.5555185675621033,0.00046547200000000003,0.055712890625,784,30837,7830,-0.01884467233376199,158.14162760525943,1605632,11.859341621398926,1824.09,942.0
0.24904338,0.2,52,0.023482756999146658,0.7906054854393005,0.00046274133333333334,0.118798828125,788,30994,7870,-0.08364543190109544,147.0268911600113,1613824,37.190120697021484,1889.48,944.0
0.15696034,0.2,52,0.03888819373969454,0.4066452383995056,0.0004600106666666667,0.131689453125,792,31151,7910,-0.1188973892829381,2285.426760196686,1622016,615.661376953125,1826.99,962.0
0.5910326,0.2,52,0.005499390831391793,0.5380999147891998,0.00045728,0.109375,796,31308,7950,-0.07659742385731079,157.2356651842594,1630208,70.9605941772461,1845.21,946.0
0.07997763,0.2,52,-0.003625442880729679,0.7467852830886841,0.0004545493333333334,0.119482421875,800,31465,7990,-0.12393012170214206,33.713589009642604,1638400,8.020339965820312,1874.38,928.0
0.16773215,0.2,52,0.026174566840563785,0.30628055334091187,0.0004518186666666667,0.1236328125,804,31622,8030,-0.09385672836215235,2157.265588712692,1646592,966.4315185546875,1785.22,838.0
0.14150056,0.2,52,0.017591604827248374,0.5540946424007416,0.00044908800000000005,0.071875,808,31778,8070,-0.06650399423378986,2657.989114546776,1654784,216.6470489501953,1715.57,842.0
0.13919064,0.2,52,0.02564945564372465,0.21346312761306763,0.0004463573333333334,0.183837890625,812,31934,8110,-0.1748972887871787,2168.6392174363136,1662976,1065.4400634765625,1634.16,870.0
0.18012208,0.2,52,0.009904088370240061,0.6137913167476654,0.0004436266666666666,0.097021484375,816,32091,8150,-0.07269523389404639,3820.3239804267882,1671168,1064.8995361328125,1286.35,800.0
0.32320967,0.2,52,0.03978425909153884,-0.38455355167388916,0.000440896,0.15068359375,820,32248,8190,-0.05497870660910849,1285.5423844337463,1679360,337.8580017089844,1193.69,736.0
0.30006978,0.2,52,0.025977446829347172,0.4060818552970886,0.0004381653333333333,0.141796875,824,32404,8230,-0.09924813754623756,347.6394177377224,1687552,60.96184539794922,1000.62,616.0
0.23693264,0.2,52,0.03462343865539878,0.3028877377510071,0.00043543466666666665,0.107861328125,828,32561,8270,-0.06061923568486236,2530.5511511325835,1695744,346.228271484375,981.67,632.0
0.0,0.2,52,1.1221694876439869e-06,-1.3170170783996582,0.000432704,0.0,832,32719,8310,-0.00023316038602843036,0.47205768437706863,1703936,0.021692359820008278,987.29,628.0
0.072212055,0.2,52,-0.015144926482753363,-0.31789445877075195,0.0004299733333333333,0.126904296875,836,32877,8350,-0.1276161889381683,0.12647741398541257,1712128,-0.030390633270144463,1128.15,654.0
0.11585494,0.2,52,-0.002848579604324186,0.7412733733654022,0.0004272426666666667,0.042431640625,840,33034,8390,-0.020947884555926066,181.506732159853,1720320,14.36966609954834,1067.73,678.0
0.0,0.2,52,1.2776581570506095e-09,-0.12004506587982178,0.000424512,0.0,844,33191,8430,-4.871184198815451e-11,40.20058604935184,1728512,18.290884017944336,1117.64,646.0
0.12579525,0.2,52,0.012909399198542814,0.6232043206691742,0.00042178133333333335,0.070068359375,848,33349,8470,-0.06832139266189188,154.99460930228233,1736704,24.66962432861328,1146.51,644.0
0.03407196,0.2,52,0.0001797604862076696,0.6545532643795013,0.0004190506666666667,0.04052734375,852,33505,8510,-0.05931077125133015,136.71863423585893,1744896,20.2714900970459,1170.78,642.0
0.05658347,0.2,52,0.013637897028092993,0.6771731078624725,0.00041632,0.066064453125,856,33662,8550,-0.05751726857852191,230.05843529105186,1753088,133.5366668701172,1124.91,698.0
0.07568549,0.2,52,0.017561913550889586,0.5014615058898926,0.0004135893333333334,0.0759765625,860,33818,8590,-0.050539784718421285,1115.424493598938,1761280,327.74542236328125,1115.53,700.0
0.07198872,0.2,52,0.007236696174368262,0.7227032780647278,0.0004108586666666667,0.04951171875,864,33975,8630,-0.049514611973427235,436.6082580089569,1769472,64.0936508178711,1118.63,718.0
0.124466,0.2,52,0.017002408959524474,0.6808552742004395,0.00040812800000000006,0.0673828125,868,34132,8670,-0.04103040459667682,1503.3875517606734,1777664,182.0432891845703,1127.0,734.0
0.07692942,0.2,52,0.018837383617210435,0.7433868646621704,0.00040539733333333337,0.0619140625,872,34288,8710,-0.061520336242392656,3817.744704246521,1785856,445.92926025390625,1154.81,748.0
0.2468425,0.2,52,0.02630182113207411,0.7070135176181793,0.0004026666666666666,0.0591796875,876,34445,8750,-0.0376421505738108,728.1960156917572,1794048,125.41759490966797,1151.16,702.0
0.07635173,0.2,52,0.013463902021248942,0.6209275126457214,0.000399936,0.05341796875,880,34601,8790,-0.04996492879872676,609.2773382663727,1802240,270.2684631347656,1135.86,706.0
0.09628163,0.2,52,-0.00045075561356497926,0.6467028558254242,0.0003972053333333333,0.07275390625,884,34758,8830,-0.05710194726998452,153.89752888083459,1810432,17.226892471313477,982.34,636.0
0.14079557,0.2,52,0.01952785870671505,0.6012011766433716,0.00039447466666666666,0.08291015625,888,34915,8870,-0.07762502618716098,502.55936417579653,1818624,95.1167984008789,876.36,586.0
0.10337596,0.2,52,0.019718915799967363,0.6709814667701721,0.00039174399999999997,0.089111328125,892,35072,8910,-0.07643625467608217,2123.8454555034637,1826816,323.08062744140625,841.03,618.0
0.14175573,0.2,52,0.026306064200616673,0.5409381985664368,0.00038901333333333333,0.064501953125,896,35229,8950,-0.052101096234400755,2958.943335103989,1835008,912.059814453125,846.59,640.0
0.17287262,0.2,52,0.010289883216682939,0.6724386215209961,0.0003862826666666667,0.04677734375,900,35386,8990,-0.03496433302061632,922.329354929924,1843200,164.3994903564453,885.52,622.0
0.13339333,0.2,52,0.010455655300575017,0.6826659440994263,0.000383552,0.06416015625,904,35543,9030,-0.05540443103236612,981.216146492958,1851392,533.9115600585938,922.1,634.0
0.15210047,0.2,52,0.00102197313826764,0.5694301426410675,0.00038082133333333337,0.1353515625,908,35700,9070,-0.11146634720498697,160.72230045795442,1859584,77.36471557617188,955.68,638.0
0.50306016,0.2,52,0.02773112440991099,0.3693074584007263,0.0003780906666666667,0.132080078125,912,35857,9110,-0.07838897489127702,3389.04735660553,1867776,857.6810913085938,961.1,646.0
0.17583159,0.2,52,0.033399119582463756,0.5130273997783661,0.00037536000000000004,0.152001953125,916,36013,9150,-0.0932205428252928,1731.4885026216507,1875968,2092.50439453125,941.16,684.0
0.04955057,0.2,52,0.01631774270281312,0.6945973038673401,0.0003726293333333334,0.040625,920,36170,9190,-0.03941273707896471,875.3374436378479,1884160,367.5915832519531,942.73,674.0
0.037789516,0.2,52,0.0052827022132987626,0.6943681836128235,0.0003698986666666667,0.06904296875,924,36327,9230,-0.08241689436254092,241.77212005853653,1892352,254.46875,940.53,650.0
0.13601997,0.2,52,0.0210975194175262,0.5398251414299011,0.0003671680000000001,0.0705078125,928,36483,9270,-0.06300565609708428,355.3681563615799,1900544,81.205078125,938.31,636.0
0.27805656,0.2,52,-0.009352904553816188,0.8264886736869812,0.0003644373333333333,0.113623046875,932,36640,9310,-0.08865926674916409,30.576582032442094,1908736,9.546745300292969,935.7,646.0
0.049326822,0.2,52,-0.00709171994967619,0.8357160538434982,0.00036170666666666664,0.11904296875,936,36796,9350,-0.15773412114940583,34.595293149352074,1916928,14.649625778198242,927.49,604.0
0.08646123,0.2,52,0.014431187579612014,0.5916171371936798,0.00035897599999999995,0.095556640625,940,36953,9390,-0.1154907418647781,216.372442689538,1925120,175.61111450195312,913.94,550.0
0.11989029,0.2,52,0.02903963512108021,0.6134542226791382,0.0003562453333333333,0.1322265625,944,37109,9430,-0.11613242768216878,518.8783553361893,1933312,216.39712524414062,837.3,512.0
0.59380805,0.2,52,0.06632314872113057,0.12253105640411377,0.00035351466666666667,0.203125,948,37267,9470,-0.10614427495165728,3561.807281255722,1941504,934.2297973632812,810.47,516.0
0.038732026,0.2,52,-0.00553921674254525,-0.7049752473831177,0.000350784,0.02734375,952,37424,9510,-0.033122736135464945,0.15799788917211116,1949696,0.016777344048023224,892.04,514.0
0.04653991,0.2,52,0.0054991442426398866,0.5686586499214172,0.00034805333333333334,0.071630859375,956,37581,9550,-0.09296147883287631,261.00617748498917,1957888,37.57448959350586,894.95,484.0
0.056386586,0.2,52,0.0012846034733229317,0.24203944206237793,0.00034532266666666665,0.092724609375,960,37739,9590,-0.08979619678575546,73.74309002235532,1966080,15.729598999023438,926.54,470.0
0.084747255,0.2,52,0.024263162187708076,0.6737521290779114,0.000342592,0.118212890625,964,37896,9630,-0.14727202004287393,185.40211167931557,1974272,60.026947021484375,965.46,444.0
0.015689049,0.2,52,-0.0008561936752812471,0.8381386995315552,0.0003398613333333334,0.050390625,968,38052,9670,-0.07363235045340843,23.865519565343856,1982464,14.381864547729492,968.1,394.0
0.058038086,0.2,52,0.0004482409713091329,0.10267072916030884,0.0003371306666666667,0.087890625,972,38210,9710,-0.10061873362064944,65.58714811950922,1990656,1.2311270236968994,994.16,388.0
0.09122744,0.2,52,0.030771779942733703,0.724072277545929,0.00033440000000000005,0.055908203125,976,38367,9750,-0.06344176363199949,140.0829241618514,1998848,11.939057350158691,1019.5,388.0
0.15271086,0.2,52,0.020857998191786464,0.008458614349365234,0.00033166933333333336,0.52744140625,980,38525,9790,-0.15556383066059426,1589.5097883716226,2007040,238.02529907226562,1066.26,424.0
0.10033493,0.2,52,0.03007530806426075,0.5495668053627014,0.0003289386666666667,0.095703125,984,38681,9830,-0.08793259409139864,353.2828297376633,2015232,47.29115295410156,1074.02,428.0
0.06193388,0.2,52,0.010638308994384716,0.6568962037563324,0.0003262080000000001,0.068701171875,988,38838,9870,-0.0730558055365691,2042.221336555481,2023424,235.34715270996094,1089.85,452.0
0.00045319778,0.2,52,-0.00045227119626360944,0.7805218994617462,0.0003234773333333333,0.000830078125,992,38996,9910,-0.004149011975181459,13.310654150694608,2031616,1.2478071451187134,1133.03,466.0
7.933704e-08,0.2,52,-6.529661113745533e-05,-1.616748332977295,0.00032074666666666665,0.0,996,39153,9950,-0.00022272222301182864,0.23483626469678712,2039808,0.006023826077580452,1136.49,464.0
0.044488773,0.2,52,0.022147206299268873,0.3882916569709778,0.00031801599999999996,0.0330078125,1000,39311,9990,-0.042861813944182356,10.008163432590663,2048000,2.764127731323242,1264.55,462.0
0.05451658,0.2,52,-0.002295191712619271,0.8301883786916733,0.0003152853333333333,0.082568359375,1004,39468,10030,-0.09099764333805069,30.924580299854277,2056192,6.860978603363037,1292.6,460.0
0.05681583,0.2,52,0.003923486487474292,0.7117590606212616,0.00031255466666666663,0.111474609375,1008,39625,10070,-0.09449881160398946,360.2312329888344,2064384,279.5830993652344,1312.37,478.0
0.22195396,0.2,52,-0.007340796042990405,0.5028939247131348,0.000309824,0.0712890625,1012,39782,10110,-0.06214935974567197,431.6440264463425,2072576,188.07992553710938,1216.53,450.0
0.17789903,0.2,52,0.024876226414198753,0.5669127702713013,0.00030709333333333336,0.11162109375,1016,39939,10150,-0.08478181048412807,1718.823612511158,2080768,534.6991577148438,1128.14,438.0
0.018425155,0.2,52,-0.00045979193091625346,0.9002976343035698,0.00030436266666666667,0.037451171875,1020,40095,10190,-0.06831878442899324,93.67006973028182,2088960,24.823833465576172,1116.35,414.0
0.091379955,0.2,52,0.004282391990273027,0.7339863181114197,0.00030163200000000003,0.0888671875,1024,40252,10230,-0.09629415782983415,224.8874264717102,2097152,75.0876235961914,1116.44,442.0
0.16477352,0.2,52,0.01920294431474758,0.6507481336593628,0.00029890133333333334,0.121923828125,1028,40409,10270,-0.10938305478775874,200.38264133930207,2105344,44.77151107788086,1082.71,468.0
0.1480712,0.2,52,0.016831339898635632,0.5210782587528229,0.0002961706666666667,0.092138671875,1032,40566,10310,-0.08307151859626175,381.24537615776063,2113536,82.1829833984375,1034.98,452.0
0.011577921,0.2,52,-0.0009050124870555009,0.918976791203022,0.00029344000000000006,0.00556640625,1036,40723,10350,-0.006244878470044313,47.61521969884634,2121728,5.639168739318848,1032.7,456.0
0.0,0.2,52,-1.889384293463081e-08,0.418612003326416,0.00029070933333333337,0.0,1040,40881,10390,-3.700813831200318e-16,11.22700973711908,2129920,0.8030462265014648,1124.17,466.0
0.0013725224,0.2,52,5.537060351343825e-05,0.6036534607410431,0.00028797866666666674,0.0076171875,1044,41038,10430,-0.01769363647210369,17.817816261947154,2138112,1.85581374168396,1184.03,466.0
0.46499634,0.2,52,0.034099440339196006,0.17280012369155884,0.00028524799999999994,0.12822265625,1048,41196,10470,-0.07919257742178161,3166.4009897112846,2146304,1348.5797119140625,1271.22,448.0
0.0054460387,0.2,52,-0.0005362352909287438,-0.8885498046875,0.0002825173333333333,0.0046875,1052,41353,10510,-0.016797677169415694,3.8286209903424604,2154496,0.17535874247550964,1330.06,448.0
0.020959139,0.2,52,-0.005399474355726852,0.6798621416091919,0.0002797866666666666,0.06201171875,1056,41510,10550,-0.06836696945538279,61.84147655367851,2162688,29.791656494140625,1374.02,442.0
0.06833671,0.2,52,0.022848535098455615,0.5323488116264343,0.00027705599999999997,0.025244140625,1060,41667,10590,-0.028264136772486383,739.2123408257961,2170880,55.68018341064453,1225.19,460.0
0.058333088,0.2,52,-0.001244801765642478,-0.038951992988586426,0.00027432533333333333,0.0396484375,1064,41825,10630,-0.03401569587385893,615.5605866521597,2179072,225.1404266357422,1246.21,472.0
0.003089847,0.2,52,-0.0038637780082353855,0.7591744363307953,0.00027159466666666664,0.012255859375,1068,41983,10670,-0.014763946579669044,16.8587013438344,2187264,4.874229431152344,1286.24,468.0
0.0,0.2,52,-1.9848812371492386e-08,-1.2859241962432861,0.000268864,0.0,1072,42141,10710,-7.595233994766068e-08,4.0681523736566305,2195456,1.1918504238128662,1341.22,460.0
0.04268095,0.2,52,0.0029564556418335995,0.632819801568985,0.0002661333333333333,0.073974609375,1076,42298,10750,-0.07402203809469939,83.76166888326406,2203648,25.069570541381836,1374.83,460.0
0.47715837,0.2,52,0.03802413709781831,0.21347755193710327,0.0002634026666666667,0.106103515625,1080,42456,10790,-0.05012304449774092,2897.7386924505236,2211840,2376.0927734375,1403.8,446.0
0.027847352,0.2,52,0.00045989282516529785,0.9057679250836372,0.00026067200000000004,0.039697265625,1084,42617,10830,-0.054869685709127224,17.085541563108563,2220032,2.1648082733154297,1433.38,446.0
0.018489935,0.2,52,-0.002401604933402268,0.961511604487896,0.00025794133333333335,0.070458984375,1088,42778,10870,-0.11899666819954291,6.280344441905617,2228224,1.8055216073989868,1478.43,434.0
0.07281092,0.2,52,0.025691033466137013,0.9678346626460552,0.0002552106666666667,0.07919921875,1092,42935,10910,-0.08023824624251574,5.569553985819221,2236416,1.2072627544403076,1475.03,426.0
0.0064871022,0.2,52,-0.005824883985042106,0.9883124688640237,0.00025248,0.03037109375,1096,43095,10950,-0.08629707590444013,1.8828450379893185,2244608,0.09809501469135284,1457.71,392.0
0.009767518,0.2,52,-0.011462509537523147,0.994057395029813,0.0002497493333333334,0.05380859375,1100,43254,10990,-0.11232327980687842,1.270872696256265,2252800,0.6351326704025269,1437.61,348.0
0.022204615,0.2,52,-0.007645216376113239,0.9979326264001429,0.00024701866666666675,0.059326171875,1104,43415,11030,-0.12950999763561413,0.457017133384943,2260992,0.05318494513630867,1351.63,312.0
0.012923863,0.2,52,-0.015157561193336732,0.9969244245439768,0.00024428799999999995,0.062353515625,1108,43574,11070,-0.13666269296081737,0.4453447837615386,2269184,0.056726451963186264,1076.02,286.0
0.010811216,0.2,52,-0.01410127777562593,0.9995020883507095,0.00024155733333333328,0.053955078125,1112,43733,11110,-0.12793065086589195,0.15000000478466974,2277376,-0.008084442466497421,1007.54,238.0
0.055877272,0.2,52,0.016345822744187898,0.8264405429363251,0.00023882666666666665,0.097265625,1116,43893,11150,-0.14594024585094303,79.3293901251629,2285568,37.837852478027344,846.33,222.0
0.01111226,0.2,52,0.00021646508103003725,0.9852683125063777,0.00023609599999999998,0.050146484375,1120,44053,11190,-0.0956125564116519,2.076927157281898,2293760,0.6738494038581848,825.09,212.0
0.040629584,0.2,52,0.02215205388783943,0.8659086376428604,0.00023336533333333332,0.060205078125,1124,44212,11230,-0.08092894259025343,42.116967549873515,2301952,1.4857953786849976,789.45,214.0
0.0014653644,0.2,52,-0.00309843419236131,-16.63035011291504,0.00023063466666666666,0.003662109375,1128,44373,11270,-0.009173670012387447,0.051249085930976435,2310144,0.005477149970829487,815.86,214.0
0.020847745,0.2,52,-0.010610384086612612,0.9807258564978838,0.000227904,0.0599609375,1132,44531,11310,-0.10380251269089058,2.5300694265635686,2318336,0.1471874862909317,855.14,208.0
0.01084856,0.2,52,-0.017043076746631414,0.9961933796294034,0.00022517333333333333,0.060595703125,1136,44695,11350,-0.13718020037049428,0.4727870496630203,2326528,0.08462511003017426,873.13,208.0
0.13104318,0.2,52,0.02737247284676414,0.6975207030773163,0.0002224426666666667,0.100146484375,1140,44854,11390,-0.14277524212375284,51.90187305514701,2334720,4.906503677368164,898.72,212.0
0.011555661,0.2,52,-0.0030464864816167393,0.9511913433670998,0.00021971200000000003,0.02783203125,1144,45014,11430,-0.06222169460379519,4.479069056687877,2342912,0.5359265208244324,923.79,216.0
1.3615146,0.2,52,0.1015770523052197,0.11935728788375854,0.00021698133333333336,0.242724609375,1148,45176,11470,-0.10426275911740959,4169.280876398087,2351104,268.1955261230469,938.42,244.0
0.026090013,0.2,52,0.011532031016758992,0.7931579053401947,0.0002142506666666667,0.051611328125,1152,45335,11510,-0.06712820999964605,235.48753182291983,2359296,110.71122741699219,939.57,252.0
0.6674892,0.2,52,0.057925012122723274,0.10845023393630981,0.00021152000000000003,0.161279296875,1156,45495,11550,-0.09056935828411952,4027.930750131607,2367488,597.708251953125,931.03,284.0
0.048570678,0.2,52,0.02569622038572561,0.6336773335933685,0.0002087893333333334,0.019189453125,1160,45656,11590,-0.011430642782707423,889.0988373309374,2375680,201.09634399414062,958.27,308.0
0.16459587,0.2,52,0.025170678590075112,0.24643737077713013,0.00020605866666666663,0.044921875,1164,45817,11630,-0.023896676969889084,2210.929864013195,2383872,759.2591552734375,995.62,336.0
0.12972382,0.2,52,0.010349699285870883,-0.11922824382781982,0.00020332799999999996,0.090185546875,1168,45978,11670,-0.05805218502646312,410.3772664308548,2392064,101.81405639648438,1032.96,348.0
0.079279795,0.2,52,0.014709905330528272,0.5722225308418274,0.0002005973333333333,0.052392578125,1172,46138,11710,-0.03380840319441632,84.59238201975822,2400256,6.898947715759277,1082.51,352.0
0.20828295,0.2,52,0.01888475445448421,-0.2247769832611084,0.00019786666666666663,0.075830078125,1176,46298,11750,-0.0430670974401437,1063.8152395963668,2408448,100.46642303466797,1022.33,410.0
0.1209124,0.2,52,0.010735177186870715,0.5196370780467987,0.00019513599999999997,0.06279296875,1180,46457,11790,-0.04656813177134609,2739.8875297784807,2416640,130.6112823486328,987.72,442.0
0.08318059,0.2,52,0.015063857735367493,0.6868563294410706,0.00019240533333333333,0.05361328125,1184,46616,11830,-0.0380676230910467,2795.4431520462035,2424832,1018.3198852539062,969.23,536.0
0.11040504,0.2,52,0.014363824418978766,0.5366449952125549,0.00018967466666666667,0.018896484375,1188,46776,11870,-0.0113768333760774,1093.4851744294167,2433024,410.3094177246094,986.6,586.0
0.14011653,0.2,52,0.012919674314616714,0.42232149839401245,0.000186944,0.041650390625,1192,46938,11910,-0.021015581616666168,2555.2220722198485,2441216,485.96514892578125,1014.46,614.0
0.17297474,0.2,52,0.009451716649346053,-0.1505218744277954,0.00018421333333333334,0.074462890625,1196,47099,11950,-0.05097520464041736,1101.83585395813,2449408,453.57470703125,993.96,626.0
0.18672425,0.2,52,0.0032879675869480706,0.24824851751327515,0.00018148266666666668,0.04892578125,1200,47259,11990,-0.029739581442117923,697.0677229821682,2457600,334.5,1002.01,686.0
0.06700577,0.2,52,0.00586906781354628,0.7390606105327606,0.000178752,0.030419921875,1204,47418,12030,-0.021896480702707777,4392.35612821579,2465792,991.490234375,1002.19,724.0
0.0415816,0.2,51,0.006946433165012422,0.6300119757652283,0.00017602133333333338,0.020751953125,1208,47577,12070,-0.017111721113724342,3999.8710309028625,2473984,5687.91015625,972.25,778.0
0.0038145508,0.2,51,0.003976862618947053,0.33750224113464355,0.0001732906666666667,0.007080078125,1212,47735,12110,-0.007129490160447333,278.4603158593178,2482176,66.229248046875,836.52,748.0
0.0032343774,0.2,51,-0.00022930313134565948,0.9689925890415907,0.00017056000000000005,0.011962890625,1216,47894,12150,-0.020388200960494984,14.828210556507111,2490368,7.235674858093262,820.33,686.0
0.0018632805,0.2,51,0.0005256484120764072,0.9901866894215345,0.00016782933333333338,0.005908203125,1220,48052,12190,-0.01243808781446667,5.393635445274413,2498560,1.7423368692398071,807.12,640.0
0.04691483,0.2,51,0.009506129941291875,0.9952098676003516,0.0001650986666666666,0.017236328125,1224,48210,12230,-0.017803170900970146,2.330288891866803,2506752,0.830866813659668,792.93,538.0
0.008957159,0.2,51,0.0010292877879692242,0.9985203130636364,0.00016236799999999995,0.0099609375,1228,48369,12270,-0.0185017239438821,0.983315176749602,2514944,1.1553046703338623,688.38,448.0
0.0004251852,0.2,51,-0.0003169027638705302,0.9975050685461611,0.0001596373333333333,0.0041015625,1232,48529,12310,-0.017088270850763365,1.1193250035867095,2523136,0.8348543643951416,680.34,386.0
0.002543609,0.2,51,-0.0018866559970774689,0.9992767591029406,0.00015690666666666665,0.00966796875,1236,48687,12350,-0.014519792711234913,0.5348266026005148,2531328,0.09323582053184509,666.02,308.0
0.0030962857,0.2,51,-0.0012647637184272753,0.9995386973023415,0.00015417599999999998,0.008642578125,1240,48846,12390,-0.012735644216809306,0.290185556106735,2539520,0.08994003385305405,659.36,232.0
0.0023871814,0.2,51,-0.0016508964723470853,0.9995288256322965,0.00015144533333333332,0.00361328125,1244,49006,12430,-0.011429889338313615,0.32432153896661475,2547712,0.02543715387582779,656.1,200.0
0.0015982052,0.2,51,-0.0007169624310336076,0.9996721551287919,0.00014871466666666665,0.006689453125,1248,49166,12470,-0.01344398116677894,0.2796731131384149,2555904,0.15603536367416382,655.51,200.0
0.0005277145,0.2,51,0.00011338616750435903,0.9993236706359312,0.00014598400000000002,0.0087890625,1252,49325,12510,-0.014556353712100645,0.4188607143587433,2564096,0.10565157234668732,655.16,200.0
0.005950244,0.2,51,0.00011782368310377933,0.999683617556002,0.00014325333333333335,0.014990234375,1256,49486,12550,-0.01884446746425965,0.19083218876621685,2572288,0.024705689400434494,654.96,200.0
0.0029115835,0.2,51,-0.0011473539405415067,0.9989591789199039,0.0001405226666666667,0.016357421875,1260,49643,12590,-0.029147543364706506,0.28875485772732645,2580480,0.06582428514957428,654.11,200.0
0.0018998655,0.2,51,-0.0004355325290816836,0.9997425125911832,0.00013779200000000003,0.010498046875,1264,49804,12630,-0.024669372134667356,0.15403388749691657,2588672,0.07667151093482971,653.57,200.0
0.004142864,0.2,51,-0.0015192765276879072,0.9995482999365777,0.00013506133333333336,0.0177734375,1268,49964,12670,-0.035191255649988304,0.17915354942088016,2596864,0.02241620421409607,652.91,200.0
0.0048554773,0.2,51,-0.0031374727754155175,0.9997004079341423,0.0001323306666666667,0.021484375,1272,50122,12710,-0.03320912542185397,0.1468719443422742,2605056,0.044580571353435516,654.28,214.0
0.009884694,0.2,51,-0.0010727038385084597,0.7997663617134094,0.00012960000000000006,0.0201171875,1276,50279,12750,-0.02851161057842546,432.9461078286171,2613248,342.70745849609375,662.77,278.0
0.016537111,0.2,51,0.0010460654659254943,0.7920065969228745,0.0001268693333333333,0.021533203125,1280,50438,12790,-0.024799973459084867,507.1263769865036,2621440,237.9385528564453,671.44,302.0
0.015656214,0.2,51,0.00626402546549798,0.7727800160646439,0.00012413866666666662,0.029638671875,1284,50596,12830,-0.03229511900717626,3408.017431116104,2629632,1014.1107788085938,678.19,356.0
0.14829946,0.2,51,-0.002234829671215266,0.4051092863082886,0.00012140799999999996,0.060400390625,1288,50755,12870,-0.04325513566582231,1283.6719344139099,2637824,764.4498291015625,685.47,394.0
0.019480497,0.2,51,0.008128993263380836,0.7117054462432861,0.00011867733333333331,0.019189453125,1292,50913,12910,-0.026841261891968317,253.13629646301268,2646016,215.52560424804688,691.7,402.0
0.090401165,0.2,51,0.015907449679798447,0.6328772902488708,0.00011594666666666665,0.037890625,1296,51071,12950,-0.026664881769283964,3167.9867173671723,2654208,2614.47314453125,697.68,458.0
0.029594846,0.2,51,-0.0026445673931448253,0.4251229763031006,0.00011321599999999998,0.02021484375,1300,51229,12990,-0.01513223803120809,970.7844317913056,2662400,160.2709503173828,703.84,498.0
0.025005182,0.2,51,0.0038565564951568375,0.7922023683786392,0.00011048533333333333,0.02236328125,1304,51386,13030,-0.021424761877187847,731.4048420906067,2670592,245.2689208984375,710.15,542.0
0.04578446,0.2,51,0.0023270782527106348,0.5750084221363068,0.00010775466666666667,0.03779296875,1308,51543,13070,-0.03340545252813172,1056.7167617797852,2678784,331.0813293457031,712.63,542.0
0.09723464,0.2,51,0.018505757352977527,0.31915414333343506,0.000105024,0.04375,1312,51701,13110,-0.037356751005427215,5242.156273651123,2686976,238.41738891601562,717.12,562.0
0.0070328945,0.2,51,0.001117591710499255,0.7181724011898041,0.00010229333333333335,0.015185546875,1316,51857,13150,-0.01861836839116222,343.10311062335967,2695168,88.62771606445312,715.04,568.0
0.040685322,0.2,51,0.004448455811507301,0.7386096119880676,9.956266666666669e-05,0.019287109375,1320,52015,13190,-0.02023615826483365,4884.316718387604,2703360,2220.43603515625,742.68,550.0
0.008378473,0.2,51,0.0018481796425476205,0.7241265177726746,9.683200000000004e-05,0.014453125,1324,52172,13230,-0.02017891575329429,4727.311837291718,2711552,2929.49365234375,742.87,588.0
0.0054806154,0.2,51,0.0006329406498480239,0.8744211345911026,9.410133333333337e-05,0.015478515625,1328,52328,13270,-0.03198913291671488,6544.213977050781,2719744,872.2395629882812,744.96,714.0
0.0138711985,0.2,51,0.0021209996706602397,0.8943807184696198,9.137066666666671e-05,0.021484375,1332,52485,13310,-0.023283282881493506,8469.275294876099,2727936,806.3045654296875,748.17,840.0
0.014005802,0.2,51,0.00423955431979266,0.899424359202385,8.864000000000006e-05,0.020068359375,1336,52642,13350,-0.023804151291369636,4729.081559467316,2736128,6146.73486328125,749.59,918.0
0.009072309,0.2,51,0.0020099314377148405,0.9015380293130875,8.590933333333329e-05,0.0189453125,1340,52799,13390,-0.01897360753062003,6797.811951637268,2744320,10028.5771484375,752.61,1042.0
0.010731198,0.2,51,0.0035508506123733243,0.9087102636694908,8.317866666666662e-05,0.01611328125,1344,52956,13430,-0.0263003517735342,6578.51135635376,2752512,341.1933898925781,753.91,1130.0
0.0019093155,0.2,51,0.00044965075358049944,0.7145233154296875,8.044799999999996e-05,0.00810546875,1348,53113,13470,-0.009175477654232322,2611.6135931015015,2760704,551.291259765625,747.17,1108.0
0.03233181,0.2,51,0.0032138795490027406,0.7172612249851227,7.771733333333331e-05,0.026611328125,1352,53270,13510,-0.032409418855240804,2000.7551349639893,2768896,577.2510986328125,748.53,1156.0
0.0042173993,0.2,51,0.0006522910345665878,0.8430836349725723,7.498666666666664e-05,0.009130859375,1356,53427,13550,-0.028856128499046462,3483.5250185966493,2777088,617.0787353515625,719.72,1182.0
0.029840259,0.2,51,0.003956452570128022,0.8990015313029289,7.2256e-05,0.030712890625,1360,53583,13590,-0.020754471705004107,4229.984431171417,2785280,1870.3709716796875,720.67,1234.0
0.0136033585,0.2,51,0.0027639006038953084,0.8780856058001518,6.952533333333333e-05,0.010986328125,1364,53740,13630,-0.014594124989048395,5745.764531135559,2793472,1220.814697265625,718.58,1196.0
0.024571754,0.2,51,0.002181627428944921,0.9099672511219978,6.679466666666667e-05,0.03544921875,1368,53897,13670,-0.030713664528775553,6553.936332702637,2801664,505.7140808105469,718.11,1180.0
0.06472519,0.2,51,0.0013631864385388326,0.2870137095451355,6.406400000000002e-05,0.025,1372,54054,13710,-0.019060729139340538,2303.1922169685363,2809856,222.1129913330078,714.84,1110.0
0.0006221297,0.2,51,0.0014024155199876987,0.9453973323106766,6.133333333333335e-05,0.009375,1376,54210,13750,-0.016201753686618758,36.67723799496889,2818048,19.676044464111328,712.08,954.0
0.0031523742,0.2,51,0.0009015692921821028,0.9831785559654236,5.8602666666666694e-05,0.009130859375,1380,54367,13790,-0.016856999333663227,9.881291488558054,2826240,3.4715805053710938,710.94,844.0
0.0020544063,0.2,51,-0.0009822901443840236,0.9943252494558692,5.587200000000004e-05,0.005810546875,1384,54524,13830,-0.01876416508280272,2.9412837356328962,2834432,1.1689435243606567,711.22,798.0
0.002650449,0.2,51,-0.0016084263239463325,0.9966107334475964,5.314133333333337e-05,0.0109375,1388,54680,13870,-0.018001663004287138,1.620190005376935,2842624,0.3950630724430084,709.28,700.0
0.00078155106,0.2,51,-0.0007439128079568036,0.9990071521606296,5.0410666666666716e-05,0.005322265625,1392,54837,13910,-0.018693759564303036,0.6311191244982183,2850816,0.2876279950141907,706.92,624.0
0.0020855605,0.2,51,-0.0018617537112731951,0.998280536965467,4.767999999999994e-05,0.0048828125,1396,54993,13950,-0.015450062661705033,0.6362801355775446,2859008,0.15825378894805908,706.09,472.0
0.0015857571,0.2,51,0.001555735849251505,0.9990643367054872,4.4949333333333286e-05,0.015673828125,1400,55150,13990,-0.028795917414481665,0.4998030645539984,2867200,0.49515244364738464,707.07,362.0
0.002092932,0.2,51,-0.0018778703224597848,0.9987479994306341,4.221866666666663e-05,0.006201171875,1404,55307,14030,-0.021083455114012394,0.3731594425276853,2875392,0.062147125601768494,707.22,206.0
0.00079354807,0.2,51,-0.0008809954524622299,0.9994173427694477,3.948799999999997e-05,0.006201171875,1408,55463,14070,-0.01767017331758325,0.24739295506151393,2883584,0.07999148964881897,710.94,200.0
0.00065449707,0.2,51,-0.0010906510844506557,0.9996112181688659,3.675733333333331e-05,0.0052734375,1412,55620,14110,-0.027052782244663832,0.1974097360856831,2891776,0.08908437192440033,710.73,200.0
0.0026363784,0.2,51,-0.0026589051936753093,0.9997438882710412,3.402666666666665e-05,0.009326171875,1416,55777,14150,-0.023409859206481087,0.16579479092615657,2899968,0.1245807483792305,712.34,200.0
0.00097192696,0.2,51,-0.002914432254328858,0.9997683617984876,3.129599999999999e-05,0.007080078125,1420,55933,14190,-0.022627871338409024,0.12956510337535293,2908160,0.05991765484213829,714.54,200.0
0.0026058005,0.2,51,-0.002564262664236594,0.999693478224799,2.8565333333333332e-05,0.01162109375,1424,56090,14230,-0.021879674389379034,0.14651578118791803,2916352,0.06094048172235489,716.53,200.0
0.001463648,0.2,51,-0.0018923054423794384,0.9997903376061004,2.5834666666666672e-05,0.00478515625,1428,56246,14270,-0.01920500731539505,0.10246980447554961,2924544,0.014087516814470291,717.37,200.0
0.00093312335,0.2,51,-0.001327626940474147,0.9997722892003367,2.3104000000000015e-05,0.005419921875,1432,56402,14310,-0.019463506414604127,0.07902641946566291,2932736,0.011871401220560074,718.8,200.0
0.0009498828,0.2,51,-0.0013891645539843012,0.9997380977729335,2.0373333333333354e-05,0.006982421875,1436,56558,14350,-0.0155869188932229,0.08917224853357766,2940928,0.02107037976384163,721.27,200.0
0.0010659883,0.2,51,-0.0013793043206533184,0.9997502694895957,1.7642666666666697e-05,0.00498046875,1440,56714,14390,-0.017688353433914016,0.096791015076451,2949120,0.0009946580976247787,727.78,200.0
0.00069684803,0.2,52,-0.0029542921885877147,0.9996766633994412,1.4912000000000036e-05,0.007666015625,1444,56870,14430,-0.022148810647377105,0.10902509258012287,2957312,0.018250377848744392,734.56,200.0
0.00056693476,0.2,52,-0.0022191048396052794,0.9998840240223217,1.2181333333333377e-05,0.007275390625,1448,57026,14470,-0.014152739307792216,0.06623245501541533,2965504,0.04886231571435928,741.71,200.0
0.00033669235,0.2,52,-0.001375430119514931,0.9999101372231962,9.450666666666718e-06,0.0021484375,1452,57183,14510,-0.015576070413044363,0.036214987630955875,2973696,0.021445853635668755,750.48,200.0
0.00031681894,0.2,52,-0.0005793381995317759,0.9998871248026262,6.719999999999948e-06,0.001025390625,1456,57339,14550,-0.020616438343131448,0.036662197300756816,2981888,0.01264972798526287,766.67,200.0
0.00016695863,0.2,52,-0.0010403097494418034,0.9999091083664098,3.9893333333332894e-06,0.002001953125,1460,57495,14590,-0.015426942415967915,0.04885874934552703,2990080,0.006401490420103073,771.24,200.0
0.00013553892,0.2,52,-0.00024105755874188618,0.9997817672992824,1.2586666666666303e-06,0.000634765625,1464,57651,14630,-0.015674075793867814,0.09286132450797595,2998272,0.039258409291505814,787.75,200.0
